"de.ecspride.LocationLeak1/longtitude","-121.759603","<3 INVOKE,VIRTUAL,extra=[android.location.Location/getLongitude[], [7]]>"
"de.ecspride.LocationLeak1/latitude","-121.759603","<1 INVOKE,VIRTUAL,extra=[android.location.Location/getLatitude[], [7]]>"
"de.ecspride.LocationLeak1/longtitude","-121.759603","<3 INVOKE,VIRTUAL,extra=[android.location.Location/getLongitude[], [7]]>"
"de.ecspride.LocationLeak1/latitude","-121.759603","<1 INVOKE,VIRTUAL,extra=[android.location.Location/getLatitude[], [7]]>"
"de.ecspride.LocationLeak1/longtitude","-121.759603","<3 INVOKE,VIRTUAL,extra=[android.location.Location/getLongitude[], [7]]>"
"de.ecspride.LocationLeak1/latitude","-121.759603","<1 INVOKE,VIRTUAL,extra=[android.location.Location/getLatitude[], [7]]>"
"de.ecspride.LocationLeak1/longtitude","-121.759603","<3 INVOKE,VIRTUAL,extra=[android.location.Location/getLongitude[], [7]]>"
"de.ecspride.LocationLeak1/latitude","-121.759603","<1 INVOKE,VIRTUAL,extra=[android.location.Location/getLatitude[], [7]]>"
"de.ecspride.LocationLeak1/longtitude","-121.759603","<3 INVOKE,VIRTUAL,extra=[android.location.Location/getLongitude[], [7]]>"
"de.ecspride.LocationLeak1/latitude","-121.759603","<1 INVOKE,VIRTUAL,extra=[android.location.Location/getLatitude[], [7]]>"
"de.ecspride.LocationLeak1/longtitude","-121.759603","<3 INVOKE,VIRTUAL,extra=[android.location.Location/getLongitude[], [7]]>"
"de.ecspride.LocationLeak1/latitude","-121.759603","<1 INVOKE,VIRTUAL,extra=[android.location.Location/getLatitude[], [7]]>"
"de.ecspride.LocationLeak1/longtitude","-121.759603","<3 INVOKE,VIRTUAL,extra=[android.location.Location/getLongitude[], [7]]>"
"de.ecspride.LocationLeak1/latitude","-121.759603","<1 INVOKE,VIRTUAL,extra=[android.location.Location/getLatitude[], [7]]>"
"de.ecspride.LocationLeak1/longtitude","-121.759603","<3 INVOKE,VIRTUAL,extra=[android.location.Location/getLongitude[], [7]]>"
"de.ecspride.LocationLeak1/latitude","-121.759603","<1 INVOKE,VIRTUAL,extra=[android.location.Location/getLatitude[], [7]]>"
"de.ecspride.LocationLeak1/longtitude","-121.759603","<3 INVOKE,VIRTUAL,extra=[android.location.Location/getLongitude[], [7]]>"
"de.ecspride.LocationLeak1/latitude","-121.759603","<1 INVOKE,VIRTUAL,extra=[android.location.Location/getLatitude[], [7]]>"
"de.ecspride.LocationLeak1/longtitude","-121.759603","<3 INVOKE,VIRTUAL,extra=[android.location.Location/getLongitude[], [7]]>"
"de.ecspride.LocationLeak1/latitude","-121.759603","<1 INVOKE,VIRTUAL,extra=[android.location.Location/getLatitude[], [7]]>"
"de.ecspride.LocationLeak1/longtitude","-121.759603","<3 INVOKE,VIRTUAL,extra=[android.location.Location/getLongitude[], [7]]>"
"de.ecspride.LocationLeak1/latitude","-121.759603","<1 INVOKE,VIRTUAL,extra=[android.location.Location/getLatitude[], [7]]>"
"de.ecspride.LocationLeak1/longtitude","-121.759603","<3 INVOKE,VIRTUAL,extra=[android.location.Location/getLongitude[], [7]]>"
"de.ecspride.LocationLeak1/latitude","-121.759603","<1 INVOKE,VIRTUAL,extra=[android.location.Location/getLatitude[], [7]]>"
"de.ecspride.LocationLeak1/longtitude","-121.759603","<3 INVOKE,VIRTUAL,extra=[android.location.Location/getLongitude[], [7]]>"
"de.ecspride.LocationLeak1/latitude","-121.759603","<1 INVOKE,VIRTUAL,extra=[android.location.Location/getLatitude[], [7]]>"
"de.ecspride.LocationLeak1/longtitude","-121.759603","<3 INVOKE,VIRTUAL,extra=[android.location.Location/getLongitude[], [7]]>"
"de.ecspride.LocationLeak1/latitude","-121.759603","<1 INVOKE,VIRTUAL,extra=[android.location.Location/getLatitude[], [7]]>"
"de.ecspride.LocationLeak1/longtitude","-121.759603","<3 INVOKE,VIRTUAL,extra=[android.location.Location/getLongitude[], [7]]>"
"de.ecspride.LocationLeak1/latitude","-121.759603","<1 INVOKE,VIRTUAL,extra=[android.location.Location/getLatitude[], [7]]>"
"de.ecspride.LocationLeak1/longtitude","-121.759603","<3 INVOKE,VIRTUAL,extra=[android.location.Location/getLongitude[], [7]]>"
"de.ecspride.LocationLeak1/latitude","-121.759603","<1 INVOKE,VIRTUAL,extra=[android.location.Location/getLatitude[], [7]]>"
"de.ecspride.LocationLeak1/longtitude","-121.759603","<3 INVOKE,VIRTUAL,extra=[android.location.Location/getLongitude[], [7]]>"
"de.ecspride.LocationLeak1/latitude","-121.759603","<1 INVOKE,VIRTUAL,extra=[android.location.Location/getLatitude[], [7]]>"
"de.ecspride.LocationLeak1/longtitude","-121.759603","<3 INVOKE,VIRTUAL,extra=[android.location.Location/getLongitude[], [7]]>"
"de.ecspride.LocationLeak1/latitude","38.53203","<1 INVOKE,VIRTUAL,extra=[android.location.Location/getLatitude[], [7]]>"
"de.ecspride.LocationLeak1/longtitude","-121.759603","<3 INVOKE,VIRTUAL,extra=[android.location.Location/getLongitude[], [7]]>"
"de.ecspride.LocationLeak1/latitude","38.53203","<1 INVOKE,VIRTUAL,extra=[android.location.Location/getLatitude[], [7]]>"
"de.ecspride.LocationLeak1/longtitude","-121.759603","<3 INVOKE,VIRTUAL,extra=[android.location.Location/getLongitude[], [7]]>"
"de.ecspride.LocationLeak1/latitude","38.53203","<1 INVOKE,VIRTUAL,extra=[android.location.Location/getLatitude[], [7]]>"
"de.ecspride.LocationLeak1/longtitude","-121.759603","<3 INVOKE,VIRTUAL,extra=[android.location.Location/getLongitude[], [7]]>"
"de.ecspride.LocationLeak1/latitude","38.53203","<1 INVOKE,VIRTUAL,extra=[android.location.Location/getLatitude[], [7]]>"
"de.ecspride.LocationLeak1/longtitude","-121.759603","<3 INVOKE,VIRTUAL,extra=[android.location.Location/getLongitude[], [7]]>"
"de.ecspride.LocationLeak1/latitude","38.53203","<1 INVOKE,VIRTUAL,extra=[android.location.Location/getLatitude[], [7]]>"
"de.ecspride.LocationLeak1/longtitude","-121.759603","<3 INVOKE,VIRTUAL,extra=[android.location.Location/getLongitude[], [7]]>"
"de.ecspride.LocationLeak1/latitude","38.53203","<1 INVOKE,VIRTUAL,extra=[android.location.Location/getLatitude[], [7]]>"
"append","-121.759603","<3 INVOKE,VIRTUAL,extra=[android.location.Location/getLongitude[], [7]]>"
"de.ecspride.LocationLeak2/longtitude","-121.759603","<3 INVOKE,VIRTUAL,extra=[android.location.Location/getLongitude[], [6]]>"
"de.ecspride.LocationLeak2/latitude","38.53203","<1 INVOKE,VIRTUAL,extra=[android.location.Location/getLatitude[], [6]]>"
"concat","359874043116909","<8 INVOKE,VIRTUAL,extra=[android.telephony.TelephonyManager/getDeviceId[], [1]]>"
"de.ecspride.LocationLeak1/longtitude","-121.759603","<3 INVOKE,VIRTUAL,extra=[android.location.Location/getLongitude[], [7]]>"
"de.ecspride.LocationLeak1/latitude","38.53203","<1 INVOKE,VIRTUAL,extra=[android.location.Location/getLatitude[], [7]]>"
"append","-121.759603","<3 INVOKE,VIRTUAL,extra=[android.location.Location/getLongitude[], [7]]>"
"de.ecspride.LocationLeak1/longtitude","-121.759603","<3 INVOKE,VIRTUAL,extra=[android.location.Location/getLongitude[], [7]]>"
"de.ecspride.LocationLeak1/latitude","38.53203","<1 INVOKE,VIRTUAL,extra=[android.location.Location/getLatitude[], [7]]>"
"append","-121.759603","<3 INVOKE,VIRTUAL,extra=[android.location.Location/getLongitude[], [7]]>"
"sendTextMessage","359874043116909","<10 INVOKE,VIRTUAL,extra=[android.telephony.TelephonyManager/getDeviceId[], [7]]>"
"concat","359874043116909","<8 INVOKE,VIRTUAL,extra=[android.telephony.TelephonyManager/getDeviceId[], [1]]>"
"de.ecspride.LocationLeak1/longtitude","-121.759603","<3 INVOKE,VIRTUAL,extra=[android.location.Location/getLongitude[], [7]]>"
"de.ecspride.LocationLeak1/latitude","38.53203","<1 INVOKE,VIRTUAL,extra=[android.location.Location/getLatitude[], [7]]>"
"append","-121.759603","<3 INVOKE,VIRTUAL,extra=[android.location.Location/getLongitude[], [7]]>"
"de.ecspride.LocationLeak1/longtitude","-121.759603","<3 INVOKE,VIRTUAL,extra=[android.location.Location/getLongitude[], [7]]>"
"de.ecspride.LocationLeak1/latitude","38.53203","<1 INVOKE,VIRTUAL,extra=[android.location.Location/getLatitude[], [7]]>"
"append","-121.759603","<3 INVOKE,VIRTUAL,extra=[android.location.Location/getLongitude[], [7]]>"
"de.ecspride.LocationLeak1/longtitude","-121.759603","<3 INVOKE,VIRTUAL,extra=[android.location.Location/getLongitude[], [7]]>"
"de.ecspride.LocationLeak1/latitude","38.53203","<1 INVOKE,VIRTUAL,extra=[android.location.Location/getLatitude[], [7]]>"
"append","-121.759603","<3 INVOKE,VIRTUAL,extra=[android.location.Location/getLongitude[], [7]]>"
"de.ecspride.LocationLeak1/longtitude","-121.759603","<3 INVOKE,VIRTUAL,extra=[android.location.Location/getLongitude[], [7]]>"
"de.ecspride.LocationLeak1/latitude","38.53203","<1 INVOKE,VIRTUAL,extra=[android.location.Location/getLatitude[], [7]]>"
"append","-121.759603","<3 INVOKE,VIRTUAL,extra=[android.location.Location/getLongitude[], [7]]>"
"de.ecspride.LocationLeak1/longtitude","-121.759603","<3 INVOKE,VIRTUAL,extra=[android.location.Location/getLongitude[], [7]]>"
"de.ecspride.LocationLeak1/latitude","38.53203","<1 INVOKE,VIRTUAL,extra=[android.location.Location/getLatitude[], [7]]>"
"append","-121.759603","<3 INVOKE,VIRTUAL,extra=[android.location.Location/getLongitude[], [7]]>"
"de.ecspride.LocationLeak1/longtitude","-121.759603","<3 INVOKE,VIRTUAL,extra=[android.location.Location/getLongitude[], [7]]>"
"de.ecspride.LocationLeak1/latitude","38.53203","<1 INVOKE,VIRTUAL,extra=[android.location.Location/getLatitude[], [7]]>"
"append","-121.759603","<3 INVOKE,VIRTUAL,extra=[android.location.Location/getLongitude[], [7]]>"
"de.ecspride.LocationLeak1/longtitude","-121.759603","<3 INVOKE,VIRTUAL,extra=[android.location.Location/getLongitude[], [7]]>"
"de.ecspride.LocationLeak1/latitude","38.53203","<1 INVOKE,VIRTUAL,extra=[android.location.Location/getLatitude[], [7]]>"
"append","-121.759603","<3 INVOKE,VIRTUAL,extra=[android.location.Location/getLongitude[], [7]]>"
"de.ecspride.LocationLeak1/longtitude","-121.759603","<3 INVOKE,VIRTUAL,extra=[android.location.Location/getLongitude[], [7]]>"
"de.ecspride.LocationLeak1/latitude","38.53203","<1 INVOKE,VIRTUAL,extra=[android.location.Location/getLatitude[], [7]]>"
"append","-121.759603","<3 INVOKE,VIRTUAL,extra=[android.location.Location/getLongitude[], [7]]>"
"de.ecspride.LocationLeak1/longtitude","-121.759603","<3 INVOKE,VIRTUAL,extra=[android.location.Location/getLongitude[], [7]]>"
"de.ecspride.LocationLeak1/latitude","38.53203","<1 INVOKE,VIRTUAL,extra=[android.location.Location/getLatitude[], [7]]>"
"append","-121.759603","<3 INVOKE,VIRTUAL,extra=[android.location.Location/getLongitude[], [7]]>"
"de.ecspride.LocationLeak1/longtitude","-121.759603","<3 INVOKE,VIRTUAL,extra=[android.location.Location/getLongitude[], [7]]>"
"de.ecspride.LocationLeak1/latitude","38.53203","<1 INVOKE,VIRTUAL,extra=[android.location.Location/getLatitude[], [7]]>"
"append","-121.759603","<3 INVOKE,VIRTUAL,extra=[android.location.Location/getLongitude[], [7]]>"
"de.ecspride.LocationLeak1/longtitude","-121.759603","<3 INVOKE,VIRTUAL,extra=[android.location.Location/getLongitude[], [7]]>"
"de.ecspride.LocationLeak1/latitude","38.53203","<1 INVOKE,VIRTUAL,extra=[android.location.Location/getLatitude[], [7]]>"
"append","-121.759603","<3 INVOKE,VIRTUAL,extra=[android.location.Location/getLongitude[], [7]]>"
"de.ecspride.LocationLeak1/longtitude","-121.759603","<3 INVOKE,VIRTUAL,extra=[android.location.Location/getLongitude[], [7]]>"
"de.ecspride.LocationLeak1/latitude","38.53203","<1 INVOKE,VIRTUAL,extra=[android.location.Location/getLatitude[], [7]]>"
"append","-121.759603","<3 INVOKE,VIRTUAL,extra=[android.location.Location/getLongitude[], [7]]>"
"de.ecspride.LocationLeak1/longtitude","-121.759603","<3 INVOKE,VIRTUAL,extra=[android.location.Location/getLongitude[], [7]]>"
"de.ecspride.LocationLeak1/latitude","38.53203","<1 INVOKE,VIRTUAL,extra=[android.location.Location/getLatitude[], [7]]>"
"append","-121.759603","<3 INVOKE,VIRTUAL,extra=[android.location.Location/getLongitude[], [7]]>"
"de.ecspride.LocationLeak1/longtitude","-121.759603","<3 INVOKE,VIRTUAL,extra=[android.location.Location/getLongitude[], [7]]>"
"de.ecspride.LocationLeak1/latitude","38.53203","<1 INVOKE,VIRTUAL,extra=[android.location.Location/getLatitude[], [7]]>"
"append","-121.759603","<3 INVOKE,VIRTUAL,extra=[android.location.Location/getLongitude[], [7]]>"
"de.ecspride.LocationLeak1/longtitude","-121.759603","<3 INVOKE,VIRTUAL,extra=[android.location.Location/getLongitude[], [7]]>"
"de.ecspride.LocationLeak1/latitude","38.53203","<1 INVOKE,VIRTUAL,extra=[android.location.Location/getLatitude[], [7]]>"
"append","-121.759603","<3 INVOKE,VIRTUAL,extra=[android.location.Location/getLongitude[], [7]]>"
"de.ecspride.LocationLeak1/longtitude","-121.759603","<3 INVOKE,VIRTUAL,extra=[android.location.Location/getLongitude[], [7]]>"
"de.ecspride.LocationLeak1/latitude","38.53203","<1 INVOKE,VIRTUAL,extra=[android.location.Location/getLatitude[], [7]]>"
"append","-121.759603","<3 INVOKE,VIRTUAL,extra=[android.location.Location/getLongitude[], [7]]>"
"de.ecspride.LocationLeak1/longtitude","-121.759603","<3 INVOKE,VIRTUAL,extra=[android.location.Location/getLongitude[], [7]]>"
"de.ecspride.LocationLeak1/latitude","38.53203","<1 INVOKE,VIRTUAL,extra=[android.location.Location/getLatitude[], [7]]>"
"append","-121.759603","<3 INVOKE,VIRTUAL,extra=[android.location.Location/getLongitude[], [7]]>"
"de.ecspride.LocationLeak1/longtitude","-121.759603","<3 INVOKE,VIRTUAL,extra=[android.location.Location/getLongitude[], [7]]>"
"de.ecspride.LocationLeak1/latitude","38.53203","<1 INVOKE,VIRTUAL,extra=[android.location.Location/getLatitude[], [7]]>"
"append","-121.759603","<3 INVOKE,VIRTUAL,extra=[android.location.Location/getLongitude[], [7]]>"
"de.ecspride.LocationLeak1/longtitude","-121.759603","<3 INVOKE,VIRTUAL,extra=[android.location.Location/getLongitude[], [7]]>"
"de.ecspride.LocationLeak1/latitude","38.53203","<1 INVOKE,VIRTUAL,extra=[android.location.Location/getLatitude[], [7]]>"
"append","-121.759603","<3 INVOKE,VIRTUAL,extra=[android.location.Location/getLongitude[], [7]]>"
"de.ecspride.LocationLeak1/longtitude","-121.759603","<3 INVOKE,VIRTUAL,extra=[android.location.Location/getLongitude[], [7]]>"
"de.ecspride.LocationLeak1/latitude","38.53203","<1 INVOKE,VIRTUAL,extra=[android.location.Location/getLatitude[], [7]]>"
"append","-121.759603","<3 INVOKE,VIRTUAL,extra=[android.location.Location/getLongitude[], [7]]>"
"de.ecspride.LocationLeak1/longtitude","-121.759603","<3 INVOKE,VIRTUAL,extra=[android.location.Location/getLongitude[], [7]]>"
"de.ecspride.LocationLeak1/latitude","38.53203","<1 INVOKE,VIRTUAL,extra=[android.location.Location/getLatitude[], [7]]>"
"append","-121.759603","<3 INVOKE,VIRTUAL,extra=[android.location.Location/getLongitude[], [7]]>"
"de.ecspride.LocationLeak1/longtitude","-121.759603","<3 INVOKE,VIRTUAL,extra=[android.location.Location/getLongitude[], [7]]>"
"de.ecspride.LocationLeak1/latitude","38.53203","<1 INVOKE,VIRTUAL,extra=[android.location.Location/getLatitude[], [7]]>"
"append","-121.759603","<3 INVOKE,VIRTUAL,extra=[android.location.Location/getLongitude[], [7]]>"
"de.ecspride.LocationLeak1/longtitude","-121.759603","<3 INVOKE,VIRTUAL,extra=[android.location.Location/getLongitude[], [7]]>"
"de.ecspride.LocationLeak1/latitude","38.53203","<1 INVOKE,VIRTUAL,extra=[android.location.Location/getLatitude[], [7]]>"
"append","-121.759603","<3 INVOKE,VIRTUAL,extra=[android.location.Location/getLongitude[], [7]]>"
"de.ecspride.LocationLeak1/longtitude","-121.759603","<3 INVOKE,VIRTUAL,extra=[android.location.Location/getLongitude[], [7]]>"
"de.ecspride.LocationLeak1/latitude","38.53203","<1 INVOKE,VIRTUAL,extra=[android.location.Location/getLatitude[], [7]]>"
"append","-121.759603","<3 INVOKE,VIRTUAL,extra=[android.location.Location/getLongitude[], [7]]>"
"de.ecspride.LocationLeak1/longtitude","-121.759603","<3 INVOKE,VIRTUAL,extra=[android.location.Location/getLongitude[], [7]]>"
"de.ecspride.LocationLeak1/latitude","38.53203","<1 INVOKE,VIRTUAL,extra=[android.location.Location/getLatitude[], [7]]>"
"append","-121.759603","<3 INVOKE,VIRTUAL,extra=[android.location.Location/getLongitude[], [7]]>"
"de.ecspride.LocationLeak1/longtitude","-121.759603","<3 INVOKE,VIRTUAL,extra=[android.location.Location/getLongitude[], [7]]>"
"de.ecspride.LocationLeak1/latitude","38.53203","<1 INVOKE,VIRTUAL,extra=[android.location.Location/getLatitude[], [7]]>"
"append","-121.759603","<3 INVOKE,VIRTUAL,extra=[android.location.Location/getLongitude[], [7]]>"
"de.ecspride.LocationLeak1/longtitude","-121.759603","<3 INVOKE,VIRTUAL,extra=[android.location.Location/getLongitude[], [7]]>"
"de.ecspride.LocationLeak1/latitude","38.53203","<1 INVOKE,VIRTUAL,extra=[android.location.Location/getLatitude[], [7]]>"
"append","-121.759603","<3 INVOKE,VIRTUAL,extra=[android.location.Location/getLongitude[], [7]]>"
"de.ecspride.LocationLeak1/longtitude","-121.759603","<3 INVOKE,VIRTUAL,extra=[android.location.Location/getLongitude[], [7]]>"
"de.ecspride.LocationLeak1/latitude","38.53203","<1 INVOKE,VIRTUAL,extra=[android.location.Location/getLatitude[], [7]]>"
"append","-121.759603","<3 INVOKE,VIRTUAL,extra=[android.location.Location/getLongitude[], [7]]>"
"de.ecspride.LocationLeak1/longtitude","-121.759603","<3 INVOKE,VIRTUAL,extra=[android.location.Location/getLongitude[], [7]]>"
"de.ecspride.LocationLeak1/latitude","38.53203","<1 INVOKE,VIRTUAL,extra=[android.location.Location/getLatitude[], [7]]>"
"append","-121.759603","<3 INVOKE,VIRTUAL,extra=[android.location.Location/getLongitude[], [7]]>"
"de.ecspride.LocationLeak1/longtitude","-121.759603","<3 INVOKE,VIRTUAL,extra=[android.location.Location/getLongitude[], [7]]>"
"de.ecspride.LocationLeak1/latitude","38.53203","<1 INVOKE,VIRTUAL,extra=[android.location.Location/getLatitude[], [7]]>"
"append","-121.759603","<3 INVOKE,VIRTUAL,extra=[android.location.Location/getLongitude[], [7]]>"
"de.ecspride.LocationLeak1/longtitude","-121.759603","<3 INVOKE,VIRTUAL,extra=[android.location.Location/getLongitude[], [7]]>"
"de.ecspride.LocationLeak1/latitude","38.53203","<1 INVOKE,VIRTUAL,extra=[android.location.Location/getLatitude[], [7]]>"
"append","-121.759603","<3 INVOKE,VIRTUAL,extra=[android.location.Location/getLongitude[], [7]]>"
"de.ecspride.LocationLeak1/longtitude","-121.759603","<3 INVOKE,VIRTUAL,extra=[android.location.Location/getLongitude[], [7]]>"
"de.ecspride.LocationLeak1/latitude","38.53203","<1 INVOKE,VIRTUAL,extra=[android.location.Location/getLatitude[], [7]]>"
"append","-121.759603","<3 INVOKE,VIRTUAL,extra=[android.location.Location/getLongitude[], [7]]>"
"de.ecspride.LocationLeak1/longtitude","-121.759603","<3 INVOKE,VIRTUAL,extra=[android.location.Location/getLongitude[], [7]]>"
"de.ecspride.LocationLeak1/latitude","38.53203","<1 INVOKE,VIRTUAL,extra=[android.location.Location/getLatitude[], [7]]>"
"append","-121.759603","<3 INVOKE,VIRTUAL,extra=[android.location.Location/getLongitude[], [7]]>"
"de.ecspride.LocationLeak1/longtitude","-121.759603","<3 INVOKE,VIRTUAL,extra=[android.location.Location/getLongitude[], [7]]>"
"de.ecspride.LocationLeak1/latitude","38.53203","<1 INVOKE,VIRTUAL,extra=[android.location.Location/getLatitude[], [7]]>"
"append","-121.759603","<3 INVOKE,VIRTUAL,extra=[android.location.Location/getLongitude[], [7]]>"
"de.ecspride.LocationLeak1/longtitude","-121.759603","<3 INVOKE,VIRTUAL,extra=[android.location.Location/getLongitude[], [7]]>"
"de.ecspride.LocationLeak1/latitude","38.53203","<1 INVOKE,VIRTUAL,extra=[android.location.Location/getLatitude[], [7]]>"
"append","-121.759603","<3 INVOKE,VIRTUAL,extra=[android.location.Location/getLongitude[], [7]]>"
"de.ecspride.LocationLeak1/longtitude","-121.759603","<3 INVOKE,VIRTUAL,extra=[android.location.Location/getLongitude[], [7]]>"
"de.ecspride.LocationLeak1/latitude","38.53203","<1 INVOKE,VIRTUAL,extra=[android.location.Location/getLatitude[], [7]]>"
"append","-121.759603","<3 INVOKE,VIRTUAL,extra=[android.location.Location/getLongitude[], [7]]>"
"de.ecspride.LocationLeak1/longtitude","-121.759603","<3 INVOKE,VIRTUAL,extra=[android.location.Location/getLongitude[], [7]]>"
"de.ecspride.LocationLeak1/latitude","38.53203","<1 INVOKE,VIRTUAL,extra=[android.location.Location/getLatitude[], [7]]>"
"append","-121.759603","<3 INVOKE,VIRTUAL,extra=[android.location.Location/getLongitude[], [7]]>"
"de.ecspride.LocationLeak1/longtitude","-121.759603","<3 INVOKE,VIRTUAL,extra=[android.location.Location/getLongitude[], [7]]>"
"de.ecspride.LocationLeak1/latitude","38.53203","<1 INVOKE,VIRTUAL,extra=[android.location.Location/getLatitude[], [7]]>"
"append","-121.759603","<3 INVOKE,VIRTUAL,extra=[android.location.Location/getLongitude[], [7]]>"
"de.ecspride.LocationLeak1/longtitude","-121.759603","<3 INVOKE,VIRTUAL,extra=[android.location.Location/getLongitude[], [7]]>"
"de.ecspride.LocationLeak1/latitude","38.53203","<1 INVOKE,VIRTUAL,extra=[android.location.Location/getLatitude[], [7]]>"
"append","-121.759603","<3 INVOKE,VIRTUAL,extra=[android.location.Location/getLongitude[], [7]]>"
"de.ecspride.LocationLeak1/longtitude","-121.759603","<3 INVOKE,VIRTUAL,extra=[android.location.Location/getLongitude[], [7]]>"
"de.ecspride.LocationLeak1/latitude","38.53203","<1 INVOKE,VIRTUAL,extra=[android.location.Location/getLatitude[], [7]]>"
"append","-121.759603","<3 INVOKE,VIRTUAL,extra=[android.location.Location/getLongitude[], [7]]>"
"de.ecspride.LocationLeak1/longtitude","-121.759603","<3 INVOKE,VIRTUAL,extra=[android.location.Location/getLongitude[], [7]]>"
"de.ecspride.LocationLeak1/latitude","38.53203","<1 INVOKE,VIRTUAL,extra=[android.location.Location/getLatitude[], [7]]>"
"append","-121.759603","<3 INVOKE,VIRTUAL,extra=[android.location.Location/getLongitude[], [7]]>"
"de.ecspride.LocationLeak1/longtitude","-121.759603","<3 INVOKE,VIRTUAL,extra=[android.location.Location/getLongitude[], [7]]>"
"de.ecspride.LocationLeak1/latitude","38.53203","<1 INVOKE,VIRTUAL,extra=[android.location.Location/getLatitude[], [7]]>"
"append","-121.759603","<3 INVOKE,VIRTUAL,extra=[android.location.Location/getLongitude[], [7]]>"
"de.ecspride.LocationLeak1/longtitude","-121.759603","<3 INVOKE,VIRTUAL,extra=[android.location.Location/getLongitude[], [7]]>"
"de.ecspride.LocationLeak1/latitude","38.53203","<1 INVOKE,VIRTUAL,extra=[android.location.Location/getLatitude[], [7]]>"
"append","-121.759603","<3 INVOKE,VIRTUAL,extra=[android.location.Location/getLongitude[], [7]]>"
"de.ecspride.LocationLeak1/longtitude","-121.759603","<3 INVOKE,VIRTUAL,extra=[android.location.Location/getLongitude[], [7]]>"
"de.ecspride.LocationLeak1/latitude","38.53203","<1 INVOKE,VIRTUAL,extra=[android.location.Location/getLatitude[], [7]]>"
"append","-121.759603","<3 INVOKE,VIRTUAL,extra=[android.location.Location/getLongitude[], [7]]>"
"de.ecspride.LocationLeak1/longtitude","-121.759603","<3 INVOKE,VIRTUAL,extra=[android.location.Location/getLongitude[], [7]]>"
"de.ecspride.LocationLeak1/latitude","38.53203","<1 INVOKE,VIRTUAL,extra=[android.location.Location/getLatitude[], [7]]>"
"append","-121.759603","<3 INVOKE,VIRTUAL,extra=[android.location.Location/getLongitude[], [7]]>"
"de.ecspride.LocationLeak1/longtitude","-121.759603","<3 INVOKE,VIRTUAL,extra=[android.location.Location/getLongitude[], [7]]>"
"de.ecspride.LocationLeak1/latitude","38.53203","<1 INVOKE,VIRTUAL,extra=[android.location.Location/getLatitude[], [7]]>"
"append","-121.759603","<3 INVOKE,VIRTUAL,extra=[android.location.Location/getLongitude[], [7]]>"
"de.ecspride.LocationLeak1/longtitude","-121.759603","<3 INVOKE,VIRTUAL,extra=[android.location.Location/getLongitude[], [7]]>"
"de.ecspride.LocationLeak1/latitude","38.53203","<1 INVOKE,VIRTUAL,extra=[android.location.Location/getLatitude[], [7]]>"
"append","-121.759603","<3 INVOKE,VIRTUAL,extra=[android.location.Location/getLongitude[], [7]]>"
"de.ecspride.LocationLeak1/longtitude","-121.759603","<3 INVOKE,VIRTUAL,extra=[android.location.Location/getLongitude[], [7]]>"
"de.ecspride.LocationLeak1/latitude","38.53203","<1 INVOKE,VIRTUAL,extra=[android.location.Location/getLatitude[], [7]]>"
"append","-121.759603","<3 INVOKE,VIRTUAL,extra=[android.location.Location/getLongitude[], [7]]>"
"de.ecspride.LocationLeak1/longtitude","-121.759603","<3 INVOKE,VIRTUAL,extra=[android.location.Location/getLongitude[], [7]]>"
"de.ecspride.LocationLeak1/latitude","38.53203","<1 INVOKE,VIRTUAL,extra=[android.location.Location/getLatitude[], [7]]>"
"append","-121.759603","<3 INVOKE,VIRTUAL,extra=[android.location.Location/getLongitude[], [7]]>"
"de.ecspride.LocationLeak1/longtitude","-121.759603","<3 INVOKE,VIRTUAL,extra=[android.location.Location/getLongitude[], [7]]>"
"de.ecspride.LocationLeak1/latitude","38.53203","<1 INVOKE,VIRTUAL,extra=[android.location.Location/getLatitude[], [7]]>"
"append","-121.759603","<3 INVOKE,VIRTUAL,extra=[android.location.Location/getLongitude[], [7]]>"
"de.ecspride.LocationLeak1/longtitude","-121.759603","<3 INVOKE,VIRTUAL,extra=[android.location.Location/getLongitude[], [7]]>"
"de.ecspride.LocationLeak1/latitude","38.53203","<1 INVOKE,VIRTUAL,extra=[android.location.Location/getLatitude[], [7]]>"
"append","-121.759603","<3 INVOKE,VIRTUAL,extra=[android.location.Location/getLongitude[], [7]]>"
"de.ecspride.LocationLeak1/longtitude","-121.759603","<3 INVOKE,VIRTUAL,extra=[android.location.Location/getLongitude[], [7]]>"
"de.ecspride.LocationLeak1/latitude","38.53203","<1 INVOKE,VIRTUAL,extra=[android.location.Location/getLatitude[], [7]]>"
"append","-121.759603","<3 INVOKE,VIRTUAL,extra=[android.location.Location/getLongitude[], [7]]>"
"de.ecspride.LocationLeak1/longtitude","-121.759603","<3 INVOKE,VIRTUAL,extra=[android.location.Location/getLongitude[], [7]]>"
"de.ecspride.LocationLeak1/latitude","38.53203","<1 INVOKE,VIRTUAL,extra=[android.location.Location/getLatitude[], [7]]>"
"append","-121.759603","<3 INVOKE,VIRTUAL,extra=[android.location.Location/getLongitude[], [7]]>"
"de.ecspride.LocationLeak1/longtitude","-121.759603","<3 INVOKE,VIRTUAL,extra=[android.location.Location/getLongitude[], [7]]>"
"de.ecspride.LocationLeak1/latitude","38.53203","<1 INVOKE,VIRTUAL,extra=[android.location.Location/getLatitude[], [7]]>"
"append","-121.759603","<3 INVOKE,VIRTUAL,extra=[android.location.Location/getLongitude[], [7]]>"
"de.ecspride.LocationLeak1/longtitude","-121.759603","<3 INVOKE,VIRTUAL,extra=[android.location.Location/getLongitude[], [7]]>"
"de.ecspride.LocationLeak1/latitude","38.53203","<1 INVOKE,VIRTUAL,extra=[android.location.Location/getLatitude[], [7]]>"
"append","-121.759603","<3 INVOKE,VIRTUAL,extra=[android.location.Location/getLongitude[], [7]]>"
"de.ecspride.LocationLeak1/longtitude","-121.759603","<3 INVOKE,VIRTUAL,extra=[android.location.Location/getLongitude[], [7]]>"
"de.ecspride.LocationLeak1/latitude","38.53203","<1 INVOKE,VIRTUAL,extra=[android.location.Location/getLatitude[], [7]]>"
"append","-121.759603","<3 INVOKE,VIRTUAL,extra=[android.location.Location/getLongitude[], [7]]>"
"de.ecspride.LocationLeak1/longtitude","-121.759603","<3 INVOKE,VIRTUAL,extra=[android.location.Location/getLongitude[], [7]]>"
"de.ecspride.LocationLeak1/latitude","38.53203","<1 INVOKE,VIRTUAL,extra=[android.location.Location/getLatitude[], [7]]>"
"append","-121.759603","<3 INVOKE,VIRTUAL,extra=[android.location.Location/getLongitude[], [7]]>"
"de.ecspride.LocationLeak1/longtitude","-121.759603","<3 INVOKE,VIRTUAL,extra=[android.location.Location/getLongitude[], [7]]>"
"de.ecspride.LocationLeak1/latitude","38.53203","<1 INVOKE,VIRTUAL,extra=[android.location.Location/getLatitude[], [7]]>"
"append","-121.759603","<3 INVOKE,VIRTUAL,extra=[android.location.Location/getLongitude[], [7]]>"
"de.ecspride.LocationLeak1/longtitude","-121.759603","<3 INVOKE,VIRTUAL,extra=[android.location.Location/getLongitude[], [7]]>"
"de.ecspride.LocationLeak1/latitude","38.53203","<1 INVOKE,VIRTUAL,extra=[android.location.Location/getLatitude[], [7]]>"
"sendTextMessage","Longtitude: -121.759603","<3 INVOKE,VIRTUAL,extra=[android.location.Location/getLongitude[], [7]]>"
"append","-121.759603","<3 INVOKE,VIRTUAL,extra=[android.location.Location/getLongitude[], [7]]>"
"d","Longtitude: -121.759603","<3 INVOKE,VIRTUAL,extra=[android.location.Location/getLongitude[], [7]]>"
"de.ecspride.LocationLeak1/longtitude","-121.759603","<3 INVOKE,VIRTUAL,extra=[android.location.Location/getLongitude[], [7]]>"
"de.ecspride.LocationLeak1/latitude","38.53203","<1 INVOKE,VIRTUAL,extra=[android.location.Location/getLatitude[], [7]]>"
"sendTextMessage","Longtitude: -121.759603","<3 INVOKE,VIRTUAL,extra=[android.location.Location/getLongitude[], [7]]>"
"append","-121.759603","<3 INVOKE,VIRTUAL,extra=[android.location.Location/getLongitude[], [7]]>"
"d","Longtitude: -121.759603","<3 INVOKE,VIRTUAL,extra=[android.location.Location/getLongitude[], [7]]>"
"de.ecspride.LocationLeak1/longtitude","-121.759603","<3 INVOKE,VIRTUAL,extra=[android.location.Location/getLongitude[], [7]]>"
"de.ecspride.LocationLeak1/latitude","38.53203","<1 INVOKE,VIRTUAL,extra=[android.location.Location/getLatitude[], [7]]>"
"sendTextMessage","Longtitude: -121.759603","<3 INVOKE,VIRTUAL,extra=[android.location.Location/getLongitude[], [7]]>"
"append","-121.759603","<3 INVOKE,VIRTUAL,extra=[android.location.Location/getLongitude[], [7]]>"
"d","Longtitude: -121.759603","<3 INVOKE,VIRTUAL,extra=[android.location.Location/getLongitude[], [7]]>"
"de.ecspride.LocationLeak1/longtitude","-121.759603","<3 INVOKE,VIRTUAL,extra=[android.location.Location/getLongitude[], [7]]>"
"de.ecspride.LocationLeak1/latitude","38.53203","<1 INVOKE,VIRTUAL,extra=[android.location.Location/getLatitude[], [7]]>"
"sendTextMessage","Longtitude: -121.759603","<3 INVOKE,VIRTUAL,extra=[android.location.Location/getLongitude[], [7]]>"
"append","-121.759603","<3 INVOKE,VIRTUAL,extra=[android.location.Location/getLongitude[], [7]]>"
"d","Longtitude: -121.759603","<3 INVOKE,VIRTUAL,extra=[android.location.Location/getLongitude[], [7]]>"
"de.ecspride.LocationLeak1/longtitude","-121.759603","<3 INVOKE,VIRTUAL,extra=[android.location.Location/getLongitude[], [7]]>"
"de.ecspride.LocationLeak1/latitude","38.53203","<1 INVOKE,VIRTUAL,extra=[android.location.Location/getLatitude[], [7]]>"
"sendTextMessage","Longtitude: -121.759603","<3 INVOKE,VIRTUAL,extra=[android.location.Location/getLongitude[], [7]]>"
"append","-121.759603","<3 INVOKE,VIRTUAL,extra=[android.location.Location/getLongitude[], [7]]>"
"d","Longtitude: -121.759603","<3 INVOKE,VIRTUAL,extra=[android.location.Location/getLongitude[], [7]]>"
"de.ecspride.LocationLeak1/longtitude","-121.759603","<3 INVOKE,VIRTUAL,extra=[android.location.Location/getLongitude[], [7]]>"
"de.ecspride.LocationLeak1/latitude","38.53203","<1 INVOKE,VIRTUAL,extra=[android.location.Location/getLatitude[], [7]]>"
"sendTextMessage","Longtitude: -121.759603","<3 INVOKE,VIRTUAL,extra=[android.location.Location/getLongitude[], [7]]>"
"append","-121.759603","<3 INVOKE,VIRTUAL,extra=[android.location.Location/getLongitude[], [7]]>"
"d","Longtitude: -121.759603","<3 INVOKE,VIRTUAL,extra=[android.location.Location/getLongitude[], [7]]>"
"de.ecspride.LocationLeak1/longtitude","-121.759603","<3 INVOKE,VIRTUAL,extra=[android.location.Location/getLongitude[], [7]]>"
"de.ecspride.LocationLeak1/latitude","38.53203","<1 INVOKE,VIRTUAL,extra=[android.location.Location/getLatitude[], [7]]>"
"sendTextMessage","Longtitude: -121.759603","<3 INVOKE,VIRTUAL,extra=[android.location.Location/getLongitude[], [7]]>"
"append","-121.759603","<3 INVOKE,VIRTUAL,extra=[android.location.Location/getLongitude[], [7]]>"
"d","Longtitude: -121.759603","<3 INVOKE,VIRTUAL,extra=[android.location.Location/getLongitude[], [7]]>"
"de.ecspride.LocationLeak1/longtitude","-121.759603","<3 INVOKE,VIRTUAL,extra=[android.location.Location/getLongitude[], [7]]>"
"de.ecspride.LocationLeak1/latitude","38.53203","<1 INVOKE,VIRTUAL,extra=[android.location.Location/getLatitude[], [7]]>"
"sendTextMessage","Longtitude: -121.759603","<3 INVOKE,VIRTUAL,extra=[android.location.Location/getLongitude[], [7]]>"
"append","-121.759603","<3 INVOKE,VIRTUAL,extra=[android.location.Location/getLongitude[], [7]]>"
"d","Longtitude: -121.759603","<3 INVOKE,VIRTUAL,extra=[android.location.Location/getLongitude[], [7]]>"
"de.ecspride.LocationLeak1/longtitude","-121.759603","<3 INVOKE,VIRTUAL,extra=[android.location.Location/getLongitude[], [7]]>"
"de.ecspride.LocationLeak1/latitude","38.53203","<1 INVOKE,VIRTUAL,extra=[android.location.Location/getLatitude[], [7]]>"
"sendTextMessage","Longtitude: -121.759603","<3 INVOKE,VIRTUAL,extra=[android.location.Location/getLongitude[], [7]]>"
"append","-121.759603","<3 INVOKE,VIRTUAL,extra=[android.location.Location/getLongitude[], [7]]>"
"d","Longtitude: -121.759603","<3 INVOKE,VIRTUAL,extra=[android.location.Location/getLongitude[], [7]]>"
"de.ecspride.LocationLeak1/longtitude","-121.759603","<3 INVOKE,VIRTUAL,extra=[android.location.Location/getLongitude[], [7]]>"
"de.ecspride.LocationLeak1/latitude","38.53203","<1 INVOKE,VIRTUAL,extra=[android.location.Location/getLatitude[], [7]]>"
"sendTextMessage","Longtitude: -121.759603","<3 INVOKE,VIRTUAL,extra=[android.location.Location/getLongitude[], [7]]>"
"append","-121.759603","<3 INVOKE,VIRTUAL,extra=[android.location.Location/getLongitude[], [7]]>"
"d","Longtitude: -121.759603","<3 INVOKE,VIRTUAL,extra=[android.location.Location/getLongitude[], [7]]>"
"de.ecspride.LocationLeak1/longtitude","-121.759603","<3 INVOKE,VIRTUAL,extra=[android.location.Location/getLongitude[], [7]]>"
"de.ecspride.LocationLeak1/latitude","38.53203","<1 INVOKE,VIRTUAL,extra=[android.location.Location/getLatitude[], [7]]>"
"sendTextMessage","Longtitude: -121.759603","<3 INVOKE,VIRTUAL,extra=[android.location.Location/getLongitude[], [7]]>"
"append","-121.759603","<3 INVOKE,VIRTUAL,extra=[android.location.Location/getLongitude[], [7]]>"
"d","Longtitude: -121.759603","<3 INVOKE,VIRTUAL,extra=[android.location.Location/getLongitude[], [7]]>"
"de.ecspride.LocationLeak1/longtitude","-121.759603","<3 INVOKE,VIRTUAL,extra=[android.location.Location/getLongitude[], [7]]>"
"de.ecspride.LocationLeak1/latitude","38.53203","<1 INVOKE,VIRTUAL,extra=[android.location.Location/getLatitude[], [7]]>"
"sendTextMessage","Longtitude: -121.759603","<3 INVOKE,VIRTUAL,extra=[android.location.Location/getLongitude[], [7]]>"
"append","-121.759603","<3 INVOKE,VIRTUAL,extra=[android.location.Location/getLongitude[], [7]]>"
"d","Longtitude: -121.759603","<3 INVOKE,VIRTUAL,extra=[android.location.Location/getLongitude[], [7]]>"
"de.ecspride.LocationLeak1/longtitude","-121.759603","<3 INVOKE,VIRTUAL,extra=[android.location.Location/getLongitude[], [7]]>"
"de.ecspride.LocationLeak1/latitude","38.53203","<1 INVOKE,VIRTUAL,extra=[android.location.Location/getLatitude[], [7]]>"
"sendTextMessage","Longtitude: -121.759603","<3 INVOKE,VIRTUAL,extra=[android.location.Location/getLongitude[], [7]]>"
"append","-121.759603","<3 INVOKE,VIRTUAL,extra=[android.location.Location/getLongitude[], [7]]>"
"d","Longtitude: -121.759603","<3 INVOKE,VIRTUAL,extra=[android.location.Location/getLongitude[], [7]]>"
"de.ecspride.LocationLeak1/longtitude","-121.759603","<3 INVOKE,VIRTUAL,extra=[android.location.Location/getLongitude[], [7]]>"
"de.ecspride.LocationLeak1/latitude","38.53203","<1 INVOKE,VIRTUAL,extra=[android.location.Location/getLatitude[], [7]]>"
"sendTextMessage","Longtitude: -121.759603","<3 INVOKE,VIRTUAL,extra=[android.location.Location/getLongitude[], [7]]>"
"append","-121.759603","<3 INVOKE,VIRTUAL,extra=[android.location.Location/getLongitude[], [7]]>"
"d","Longtitude: -121.759603","<3 INVOKE,VIRTUAL,extra=[android.location.Location/getLongitude[], [7]]>"
"de.ecspride.LocationLeak1/longtitude","-121.759603","<3 INVOKE,VIRTUAL,extra=[android.location.Location/getLongitude[], [7]]>"
"de.ecspride.LocationLeak1/latitude","38.53203","<1 INVOKE,VIRTUAL,extra=[android.location.Location/getLatitude[], [7]]>"
"sendTextMessage","Longtitude: -121.759603","<3 INVOKE,VIRTUAL,extra=[android.location.Location/getLongitude[], [7]]>"
"append","-121.759603","<3 INVOKE,VIRTUAL,extra=[android.location.Location/getLongitude[], [7]]>"
"d","Longtitude: -121.759603","<3 INVOKE,VIRTUAL,extra=[android.location.Location/getLongitude[], [7]]>"
"de.ecspride.LocationLeak1/longtitude","-121.759603","<3 INVOKE,VIRTUAL,extra=[android.location.Location/getLongitude[], [7]]>"
"de.ecspride.LocationLeak1/latitude","38.53203","<1 INVOKE,VIRTUAL,extra=[android.location.Location/getLatitude[], [7]]>"
"sendTextMessage","Longtitude: -121.759603","<3 INVOKE,VIRTUAL,extra=[android.location.Location/getLongitude[], [7]]>"
"append","-121.759603","<3 INVOKE,VIRTUAL,extra=[android.location.Location/getLongitude[], [7]]>"
"d","Longtitude: -121.759603","<3 INVOKE,VIRTUAL,extra=[android.location.Location/getLongitude[], [7]]>"
"de.ecspride.LocationLeak1/longtitude","-121.759603","<3 INVOKE,VIRTUAL,extra=[android.location.Location/getLongitude[], [7]]>"
"de.ecspride.LocationLeak1/latitude","38.53203","<1 INVOKE,VIRTUAL,extra=[android.location.Location/getLatitude[], [7]]>"
"sendTextMessage","Longtitude: -121.759603","<3 INVOKE,VIRTUAL,extra=[android.location.Location/getLongitude[], [7]]>"
"append","-121.759603","<3 INVOKE,VIRTUAL,extra=[android.location.Location/getLongitude[], [7]]>"
"d","Longtitude: -121.759603","<3 INVOKE,VIRTUAL,extra=[android.location.Location/getLongitude[], [7]]>"
"de.ecspride.LocationLeak1/longtitude","-121.759603","<3 INVOKE,VIRTUAL,extra=[android.location.Location/getLongitude[], [7]]>"
"de.ecspride.LocationLeak1/latitude","38.53203","<1 INVOKE,VIRTUAL,extra=[android.location.Location/getLatitude[], [7]]>"
"sendTextMessage","Longtitude: -121.759603","<3 INVOKE,VIRTUAL,extra=[android.location.Location/getLongitude[], [7]]>"
"append","-121.759603","<3 INVOKE,VIRTUAL,extra=[android.location.Location/getLongitude[], [7]]>"
"d","Longtitude: -121.759603","<3 INVOKE,VIRTUAL,extra=[android.location.Location/getLongitude[], [7]]>"
"de.ecspride.LocationLeak1/longtitude","-121.759603","<3 INVOKE,VIRTUAL,extra=[android.location.Location/getLongitude[], [7]]>"
"de.ecspride.LocationLeak1/latitude","38.53203","<1 INVOKE,VIRTUAL,extra=[android.location.Location/getLatitude[], [7]]>"
"sendTextMessage","Longtitude: -121.759603","<3 INVOKE,VIRTUAL,extra=[android.location.Location/getLongitude[], [7]]>"
"append","-121.759603","<3 INVOKE,VIRTUAL,extra=[android.location.Location/getLongitude[], [7]]>"
"d","Longtitude: -121.759603","<3 INVOKE,VIRTUAL,extra=[android.location.Location/getLongitude[], [7]]>"
"de.ecspride.LocationLeak1/longtitude","-121.759603","<3 INVOKE,VIRTUAL,extra=[android.location.Location/getLongitude[], [7]]>"
"de.ecspride.LocationLeak1/latitude","38.53203","<1 INVOKE,VIRTUAL,extra=[android.location.Location/getLatitude[], [7]]>"
"sendTextMessage","Longtitude: -121.759603","<3 INVOKE,VIRTUAL,extra=[android.location.Location/getLongitude[], [7]]>"
"append","-121.759603","<3 INVOKE,VIRTUAL,extra=[android.location.Location/getLongitude[], [7]]>"
"d","Longtitude: -121.759603","<3 INVOKE,VIRTUAL,extra=[android.location.Location/getLongitude[], [7]]>"
"de.ecspride.LocationLeak1/longtitude","-121.759603","<3 INVOKE,VIRTUAL,extra=[android.location.Location/getLongitude[], [7]]>"
"de.ecspride.LocationLeak1/latitude","38.53203","<1 INVOKE,VIRTUAL,extra=[android.location.Location/getLatitude[], [7]]>"
"sendTextMessage","Longtitude: -121.759603","<3 INVOKE,VIRTUAL,extra=[android.location.Location/getLongitude[], [7]]>"
"append","-121.759603","<3 INVOKE,VIRTUAL,extra=[android.location.Location/getLongitude[], [7]]>"
"d","Longtitude: -121.759603","<3 INVOKE,VIRTUAL,extra=[android.location.Location/getLongitude[], [7]]>"
"de.ecspride.LocationLeak1/longtitude","-121.759603","<3 INVOKE,VIRTUAL,extra=[android.location.Location/getLongitude[], [7]]>"
"de.ecspride.LocationLeak1/latitude","38.53203","<1 INVOKE,VIRTUAL,extra=[android.location.Location/getLatitude[], [7]]>"
"sendTextMessage","Longtitude: -121.759603","<3 INVOKE,VIRTUAL,extra=[android.location.Location/getLongitude[], [7]]>"
"append","-121.759603","<3 INVOKE,VIRTUAL,extra=[android.location.Location/getLongitude[], [7]]>"
"d","Longtitude: -121.759603","<3 INVOKE,VIRTUAL,extra=[android.location.Location/getLongitude[], [7]]>"
"de.ecspride.LocationLeak1/longtitude","-121.759603","<3 INVOKE,VIRTUAL,extra=[android.location.Location/getLongitude[], [7]]>"
"de.ecspride.LocationLeak1/latitude","38.53203","<1 INVOKE,VIRTUAL,extra=[android.location.Location/getLatitude[], [7]]>"
"sendTextMessage","Longtitude: -121.759603","<3 INVOKE,VIRTUAL,extra=[android.location.Location/getLongitude[], [7]]>"
"append","-121.759603","<3 INVOKE,VIRTUAL,extra=[android.location.Location/getLongitude[], [7]]>"
"d","Longtitude: -121.759603","<3 INVOKE,VIRTUAL,extra=[android.location.Location/getLongitude[], [7]]>"
"de.ecspride.LocationLeak1/longtitude","-121.759603","<3 INVOKE,VIRTUAL,extra=[android.location.Location/getLongitude[], [7]]>"
"de.ecspride.LocationLeak1/latitude","38.53203","<1 INVOKE,VIRTUAL,extra=[android.location.Location/getLatitude[], [7]]>"
"sendTextMessage","Longtitude: -121.759603","<3 INVOKE,VIRTUAL,extra=[android.location.Location/getLongitude[], [7]]>"
"append","-121.759603","<3 INVOKE,VIRTUAL,extra=[android.location.Location/getLongitude[], [7]]>"
"d","Longtitude: -121.759603","<3 INVOKE,VIRTUAL,extra=[android.location.Location/getLongitude[], [7]]>"
